"SALESID","BOOKID","AUTHORID","COUNTRY","CITY","REVENUE"
1,201,101,Germany,Munich,11.11
2,201,101,Germany,Munich,11.11
3,201,101,Germany,Munich,11.11
4,201,101,France,Paris,11.11
5,201,101,France,Paris,11.11
6,201,101,Austria,Vienna,11.11
7,201,101,Switzerland,Zurich,11.11
8,207,107,Germany,Berlin,12.34
9,207,107,Germany,Berlin,12.34
10,207,107,Spain,Barcelona,12.34
11,207,107,Spain,Madrid,12.34
12,207,107,Italy,Rome,12.34
13,251,150,France,Paris,13.13
14,251,150,Sweden,Stockholm,13.13
15,251,150,Sweden,Stockholm,13.13
16,252,150,Germany,Munich,14
17,252,150,Germany,Frankfurt,14
18,252,150,Germany,Frankfurt,14
19,252,150,Austria,Vienna,14
20,252,150,Austria,Vienna,14
21,252,150,Portugal,Porto,14
22,252,150,Switzerland,Zurich,14
23,252,150,France,Paris,14
24,252,150,France,Cannes,14
25,271,170,Germany,Frankfurt,15
26,271,170,Germany,Munich,15
27,271,170,France,Cannes,15
28,271,170,Portugal,Porto,15
29,271,170,Spain,Barcelona,15
30,271,170,Spain,Madrid,15
